screen_name,name,description,category,count
qatarairways,Qatar Airways,"Official account of Qatar Airways. Follow us for offers, news, and careers. For Customer Care, please visit https://t.co/nNuqO4z99F",airline,173895
emirates,Emirates airline,The official Twitter channel for Emirates airline. Pls tweet @EmiratesSupport if you need any assistance in English & Arabic. We are online 24/7,airline,159046
EtihadAirways,Etihad Airways,"Welcome to the official Etihad Airways Twitter account! Follow us for latest news, events and exclusive competitions! For queries or problems, go to @EtihadHelp",airline,147133
BarackObama,Barack Obama,This account is run by Organizing for Action staff. Tweets from the President are signed -bo.,person,140835
British_Airways,British Airways,"Official British Airways Twitter account. We love reading your Tweets & are here 24 hours a day, 7 days a week to help. You can also visit",airline,138745
cathaypacific,Cathay Pacific,"Welcome to the Cathay Pacific Airways Twitter community, where you can share your #lifewelltravelled moments!  You'll find us tweeting Mon-Fri between 9am & 5pm",airline,124860
AirAsia,AirAsia,"Welcome to our official Twitter account where we tweet exclusive updates, contests & our low fares all in just 140 characters!",airline,118430
cnnbrk,CNN Breaking News,"Breaking news from reporters and editors on the CNN Digital news team. Now 42M strong. Check @cnn for all things CNN, breaking and more.",news,117577
twitter,Twitter,"Your official source for news, updates and tips from Twitter, Inc. Need help? Visit https://t.co/qq1HEzvnrA.",channel,116959
YouTube,YouTube,lol watch this,channel,114446
nytimes,The New York Times,"Where the conversation begins. Follow for breaking news, special reports, RTs of our journalists and more from https://t.co/YapuoqX0HS.",news,112775
BBCWorld,BBC News (World),Where we #LiveTheStory - join us https://t.co/zQYj7l9rp2,news,112071
BBCBreaking,BBC Breaking News,"Breaking news alerts and updates from the BBC. For news, features, analysis follow @BBCWorld (international) or @BBCNews (UK). Latest sport news @BBCSport.",news,111753
TurkishAirlines,Turkish Airlines,Thanks for visiting Europe's Best Airline on Twitter! Follow us for insights into our destinations and much more. Got an enquiry? Please consult @TK_HelpDesk.,airline,110831
Qantas,Qantas,"The official Qantas Twitter page to share information & get feedback. We're online 24 hours a day, 7 days a week.",airline,107851
TheEllenShow,Ellen DeGeneres,"Comedian, talk show host and ice road trucker. My tweets are real, and they're spectacular. https://t.co/rJNCGU9GhH",person,106806
KLM,Royal Dutch Airlines,"Official global account of KLM. While we keep you updated, we're at your service in 12 languages. Share personal details only in private messages!",airline,103517
MAS,Malaysia Airlines,Welcome to the official Malaysia Airlines Berhad Twitter account. We're tweeting here Monday to Friday 10am-5pm Malaysia time (GMT +8),airline,102665
CNN,CNN,It's our job to #GoThere and tell the most difficult stories. Come with us!,news,101801
katyperry,KATY PERRY,Rising...,person,99152
lufthansa,Lufthansa,Welcome to the official twitter channel (international) of Deutsche Lufthansa AG!,airline,96488
STcom,The Straits Times,Breaking news from the online site of Singapore's most widely read newspaper,news,96426
BillGates,Bill Gates,Sharing things I'm learning through my foundation work and other interests...,person,95854
AmericanAir,American Airlines,We're here to offer advice and inspiration for your trip on American. Please click here if you require a formal response to a complaint:https://t.co/gHXQN4ORDA,airline,95268
ChannelNewsAsia,Channel NewsAsia,The official space of Channel NewsAsia - the source of breaking news from Asia & the world. We want to hear from you. Comments and news tips are welcome.,news,93862
taylorswift13,Taylor Swift,Born in 1989.,person,93468
VirginAtlantic,Virgin Atlantic,"Hello Gorgeous! Follow us for news, banter & assistance 24/7. Visit our blog at https://t.co/ziOX3LRnnS or for official concerns visit https://t.co/ZQJmKUNzyR",airline,85526
TODAYonline,TODAY,"Get the latest local and international news from TODAYonline, Singapore's most popular compact newspaper. Also on iOS and Android: https://t.co/hAu0nhk4YE",news,84966
Delta,Delta,"Official account of Delta Air Lines. We're listening around the clock, 7 days a week. For a formal response please visit https://t.co/NnsfScRHt1.",airline,83004
united,United,Conversations with you here are 140 characters-friendly. Tweet us any time. For a formal response visit https://t.co/cpgjUnDsve.,airline,82444
leehsienloong,Lee Hsien Loong,"Prime Minister of Singapore, and leader of @PAPSingapore. This account is maintained by the Prime Minister's Office. Tweets by Mr Lee are signed LHL.",person,78097
justinbieber,Justin Bieber,Let's make the world better. Join @bkstg and add me on @shots 'justinbieber'. COLD WATER and LET ME LOVE YOU out now. OUR new album PURPOSE out NOW,person,77193
mrbrown,mrbrown,"mrbrown aka Kinmun Lee, Blogfather of Singapore, satirist, writer, lyricist, traveler, photographer, cyclist, gamer, and podcaster. Papa of Faith, Isaac & Joy.",person,75385
YahooSG,Yahoo Singapore,Yahoo Singapore's official Twitter account. For bite-sized news and thoughts from S'pore and the world. https://t.co/8THI4Qh1GQ | http://t.co/g43c7Fwh4F,news,74700
TheEconomist,The Economist,News and analysis with a global perspective.  Subscribe here: https://t.co/FDPVGW00W2,channel,73896
rihanna,Rihanna,Get #ANTI now: https://t.co/WH1Yy1ELJB,person,73459
jtimberlake,Justin Timberlake,,person,73059
staralliance,Star Alliance,"The Star Alliance network provides a range of benefits for the international traveller to improve their travel experience, wherever they are in the world.",airline,72875
Reuters,Reuters Top News,"Top and breaking news, pictures, and videos from Reuters.",news,72546
airfrance,Air France,#FranceisintheAir! Stay connected for our latest news! At your service 24/7 (Personal info by DM only),airline,71612
NatGeo,National Geographic,"Since 1888, we've traveled the Earth, sharing its amazing stories with new generations. Official Twitter account of National Geographic.",channel,70479
VirginAustralia,Virgin Australia,Welcome to the official page for Virgin Australia. We're here to help from 5am-11pm (AEST). For 24/7 assistance call 13 67 89. Feedback: http://t.co/bpg9Lb8EOj,airline,70204
SoSingaporean,So Singaporean,Follow to discover everything so unique and #sosingaporean! For any enquiries and adverts kindly contact me at: sosingaporean.twitter@gmail.com,person,69898
ladygaga,JOANNE,"Perfect Illusion OUT NOW / New Album JOANNE OCT 21 PRE-ORDER: https://t.co/8QsYawBg3M So #JOANNE is like, you know, Lady Gaga if you erase all the fame.",person,69193
FlyAirNZ,Air New ZealandÔ∏è,The official Air New Zealand Twitter account  We're listening 24/7. Please call 0800 737 000 for immediate assistance.,airline,69070
SMRT_Singapore,SMRT Corporation,"Official Twitter channel for SMRT. Offers information and real-time train service updates. For feedback, drop a line to http://t.co/G2rbdPLYAu",other,68858
WSJ,Wall Street Journal,Breaking news and features from the WSJ.,news,68468
TIME,TIME,Breaking news and current events from around the globe. Hosted by TIME staff. Tweet questions to our customer service team @TIMEmag_Service.,news,68233
NEAsg,NEA,NEA is the leading public organisation responsible for improving & sustaining a clean & green environment in Singapore. Contact us @ http://t.co/yZ9jceBqoo,other,66758
KimKardashian,Kim Kardashian West,,person,65991
Xiaxue,Äø Xiaxue ÂΩ°,Bitching now comes in bite-sized pieces,person,65880
NASA,NASA,Explore the universe and discover our home planet with @NASA. We usually post in EDT (UTC-4).,other,65848
thenewpaper,The New Paper,Local. Vocal. Social. Also check out @TNPSports and @TNP__M,news,65398
google,Google,News and updates from Google,channel,65221
LTAsg,LTA,"Latest transport happenings & lifestyle updates. 

For traffic news, follow @LTATrafficNews. Check out our FB (https://t.co/Ucwpk8rJWH) & IG (@LTAsg) for more!",other,64183
Oprah,Oprah Winfrey,,person,64078
govsingapore,Singapore Government,"Gov.sg - the official Twitter account of the Singapore government. Your first stop for the very latest policy announcements, information and news on Singapore.",other,63262
SamsungMobile,Samsung Mobile,[Statement] Samsung Urges Galaxy Note7 Users to Immediately Participate in The Replacement Program https://t.co/qyBpeBPd64,brand,60908
SGAG_SG,Mr. SGAG,"Your daily dose of Singaporean humor.
http://t.co/9O4olF8kpf",channel,60067
stompsingapore,Stomp Singapore,Award-winning Stomp is Asia's leading citizen journalism website with user-generated material fuelling its success. @stompsingapore on Instagram,news,59788
selenagomez,Selena Gomez,#REVIVAL out NOW. https://t.co/zP4EExdSBG Get The Revival Tour Line: https://t.co/YHbGeHnygg,person,59602
SouthwestAir,Southwest Airlines,We run on #SouthwestHeart. Follow for news & stories about the greatest Employees & Customers in the world. For official concerns please use the link provided.,airline,59104
KoreanAir_KE,Korean Air,"Leading Global carrier, a founding member of SkyTeam, operates more than 400 flights per day to 131 cities in 46 countries.",airline,58276
9GAG,9GAG,Officially 9GAG. Follow us for LOL. get our app on http://t.co/nCs4SurI1w,channel,58000
cnni,CNN International,"Breaking news from around the world, plus business, style, travel, sport and entertainment. We #gothere.",news,57500
jimmyfallon,jimmy fallon,astrophysicist,person,57193
premierleague,Premier League,Official Twitter account of the Premier League. The official Premier League app is now LIVE and FREE to download https://t.co/2wlDwf7gu1,sports,57033
987fm,987,ABOVE THE NOISE. Tweets by @987Sonia / @987Kimberly / @TabithaNauser / @BoyThunder987 / @JoakimGomez,channel,56992
NaomiNeo_,Naomi Neo,"I've nothing to say, cos you'd judge me anyway. Hate me? Block me. 

Contact business@naomineo.com

https://t.co/7mI9vCCdps",person,56936
britneyspears,Britney Spears,My new album #Glory is out now!,person,56927
Forbes,Forbes,"Official Twitter account of http://t.co/iVGiXAHX, homepage for the world's business leaders.",channel,56368
instagram,Instagram,Discovering Äî and telling Äî stories from around the world. Curated by Instagram's community team. Need help? Visit https://t.co/OQR3Kbbcdw.,channel,55920
ArianaGrande,Ariana Grande,dangerous woman,person,55801
JetBlue,JetBlue Airways,"Hi, nice to tweet you! Fly with us to 90+ destinations and experience our award-winning service. For concerns that require a response, call or email.",airline,55380
Cristiano,Cristiano Ronaldo,This Privacy Policy addresses the collection and use of personal information - https://t.co/Jp6yh1T58c,person,55359
AirCanada,Air Canada,News & more. For fare discounts & special offers follow @ACFlightOffers. | Nouvelles et plus. Pour nos offres speciales suivez @ACFlightOffers.,airline,54618
washingtonpost,Washington Post,"Tweet-length breaking news, analysis from around the world. Founded in 1877. Follow our journalists on Twitter: https://t.co/VV0UBAMHg8",news,54496
espn,ESPN,"We talk about sports, sports, and well ... sports.",sports,54410
richardbranson,Richard Branson,"Tie-loathing adventurer, philanthropist & troublemaker, who believes in turning ideas into reality. Otherwise known as Dr Yes at @virgin!",person,54348
lonelyplanet,Lonely Planet,"Tweeting + retweeting the best in travel: in-depth articles, inspiring photography, intrepid videos. #lp | For the latest daily travel news see @lptravelnews",travel,54248
AP,The Associated Press,"News from The Associated Press, and a taste of the great journalism produced by AP members and customers. Managed 24/7 by these editors: http://t.co/BibaTN49vB",news,54171
SingaporePolice,SingaporePoliceForce,"Welcome to Singapore Police Force's official Twitter account. Pls do NOT report crimes here. Call 999 instead. To provide info, pls call 18002550000. Thank you.",other,53724
Airbus,Airbus,"A global team designing, manufacturing and supporting the world's leading aircraft... with passengers at heart and airlines in mind.",travel,53650
UN,United Nations,Official twitter account of #UnitedNations. Get latest information on the #UNGA. Follow us on Snapchat: united-nations. #GlobalGoals #UN4RefugeesMigrants,other,52841
toshrock,Tosh Zhang,I'm thankful just to be alive cos everyday's a gift. https://t.co/jK1VqdRh5W For business enquiries: toshroc@gmail.com,person,52739
JetstarAirways,Jetstar Airways,"Australia's all day, every day low fares airline. Here to help with customer service queries & fantastic offers. Monitored 7am-8pm weekdays & 9am-5pm weekends.",airline,52562
VirginAmerica,Virgin America,Welcome to the only mood-lit Twitter feed. Check out our blog http://t.co/rYssSyFrNc. For official complaints please visit us at http://t.co/cftZiNWDrG. Cheers!,airline,52472
JLo,Jennifer Lopez,"New Single #LoveMakeTheWorldGoRound out Now! #ShadesOfBlue On NBC, https://t.co/Vr9yBT9OHp",person,51125
Android,Android,"News, tips, and tricks direct from the Android team.",brand,50602
narendramodi,Narendra Modi,Prime Minister of India,person,50550
WhiteHouse,The White House,"Follow for the latest from President Obama and his Administration. For tweets from the President, follow @POTUS. Tweets may be archived: https://t.co/eVVzoBb3Zr",other,50157
TripAdvisor,TripAdvisor,"Know better, book better and go better on the world's largest travel site.",travel,49960
iamsrk,Shah Rukh Khan,,person,49833
Microsoft,Microsoft,The official Twitter page for Microsoft consumer products and your source for major announcements and events.,brand,49164
SrBachchan,Amitabh Bachchan,Actor ... well at least some are STILL saying so !!,person,48955
XHNews,China Xinhua News,"China Insight, Global View. Xinhua News Agency is the first port of call for the latest China and world news. https://t.co/U0WI8N4Fll https://t.co/IHLImeWM1V",news,47714
ManUtd,Manchester United,Official account of Manchester United FC Ô∏è,person,47635
HeathrowAirport,Heathrow Airport,Welcome to the official Heathrow Airport Twitter feed. We're here to help every day between 6:30am and 11pm (GMT). Follow @yourHeathrow for our expansion news.,airport,47418
guardian,The Guardian,"Top stories, special features, live blogs and more",news,46790
EmWatson,Emma Watson,Actor & @UN_Women Global Goodwill Ambassador.                                Facebook: EmmaWatson Instagram: EmmaWatson Goodreads: OurSharedShelf,person,46490
FlySWISS,Swiss Intl Air Lines,"Official twitter account of Switzerland's national airline. SWISS in CH @FlySWISS_CH, in the USA @FlySWISS_US, SWISS Cargo @SwissWorldCargo",airline,45950
aamir_khan,Aamir Khan,Actor.,person,45832
BBCNews,BBC News (UK),"News, features and analysis (https://t.co/FAlDvMvjw7). World news, follow @BBCWorld. Breaking news, follow @BBCBreaking. Latest sport news @BBCSport",news,45714
AsianaAirlines,Asiana Airlines,"Official Twitter of Asiana Airlines USA. Main hub: Seoul, Korea. #ASIANA380 now operating LAX-ICN via OZ202/201. Formal responses visit http://t.co/VzCObfDbdR",airline,44991
BoeingAirplanes,Boeing Airplanes,"Official Twitter of Boeing Commercial Airplanes - 
We design, build and support a family of technologically advanced commercial jets",travel,44785
BeingSalmanKhan,Salman Khan,"Film actor, artist, painter, humanitarian",person,44534
SportsCenter,SportsCenter,"All things sports. Nominate top plays using #SCtop10. *If you tweet or otherwise send us content, you consent to ESPN using and showcasing it in any media.*",sports,44057
DalaiLama,Dalai Lama,Welcome to the official twitter page of the Office of His Holiness the 14th Dalai Lama.,person,43895
BreakingNews,Breaking News,"Be the first to know when news breaks. Get our free app to unlock more updates, see news near you and customize your alerts...",news,43245
ddlovato,Demi Lovato,,person,43183
deepikapadukone,Deepika Padukone,"Live,Love,Laugh... https://t.co/W632g3qOKi",person,42782
POTUS,President Obama,"Dad, husband, and 44th President of the United States. Tweets may be archived: http://t.co/eVVzoATsAR.",person,42300
KingJames,LeBron James,EST. AKRON - ST.V/M Class of '03  http://t.co/IneJylUd1m #IPROMISE,person,42113
priyankachopra,PRIYANKA,Dreamer.. Achiever..,person,42031
LeoDiCaprio,Leonardo DiCaprio,Actor and Environmentalist,person,41579
HillaryClinton,Hillary Clinton,"Wife, mom, grandma, women+kids advocate, FLOTUS, Senator, SecState, hair icon, pantsuit aficionado, 2016 presidential candidate. Tweets from Hillary signed -H",person,41569
NatGeoTravel,NatGeoTravel,Your guide to traveling with passion and purpose,travel,41544
allkpop,allkpop,breaking kpop celebrity news and gossip!,channel,41217
PMOIndia,PMO India,Office of the Prime Minister of India,person,40810
Windows,Windows,"Windows news, product info & global stories of people using Windows technology to #DoGreatThings. For support tweet @WindowsSupport",brand,40693
easyJet,easyJet,"Connecting people across Europe & passionate about making travel easy & affordable. 8:00-8:00pm GMT Mon-Sun. For customer services visit
https://t.co/hOTXBHTSHz",travel,40633
iHrithik,Hrithik Roshan,Man on mission- to live the best life possible come what may.,person,40524
HuffingtonPost,Huffington Post,internet lovers | sleep believers | news addicts | big font obsessives | greek yogurt fans | Sign our petition to end food waste: https://t.co/kRV9KPguV7,news,40429
Boeing,The Boeing Company,"Boeing has a tradition of aerospace leadership and innovation, and is committed to investing in the communities where our people work and live worldwide.",travel,40284
Jetstar_Asia,Jetstar Asia,Low fares are just part of the story,airline,39642
WhatTheFFacts,What The F*** Facts,All (& only) things that make you say WTF. Official Account of What The F*** Facts.,channel,39570
googlechrome,Google Chrome,"The official Twitter account for the Google Chrome browser, OS, Chromebooks, Chromecast, and Web Store",brand,39342
Lufthansa_USA,Lufthansa USA,Welcome to the official Lufthansa account for the US! https://t.co/bgi9PfSMN3 Request a response: https://t.co/fmhf6rQuR8,airline,39319
ActuallyNPH,Neil Patrick Harris,"I dig variety acts, Pixar, puppets, prestidigitation, immersive theatre, game shows, theme parks, my family and great meals. Not necessarily in that order.",person,39166
kourtneykardash,Kourtney Kardashian,Heartless,person,38844
ABC,ABC News,See the whole picture with @ABC News. Join us on Facebook: https://t.co/ewMNZ54axm,news,38810
NBA,NBA,"30 teams, 1 goal. #ThisIsWhyWePlay",sports,38715
GooglePlay,Google Play,"We're exploring the world's greatest stories through movies, TV, music, games, apps, books and so much more. Up for new adventures and discoveries? Let's play.",brand,38637
ConanOBrien,Conan O'Brien,"The voice of the people. Sorry, people.",person,38537
khloekardashian,Khloe,Get my official app #unlockmyworld https://t.co/t7gWBbUMY7,,38472
Adele,Adele,https://t.co/5Vf55N5xFe,person,38452
akshaykumar,Akshay Kumar,,person,38326
Drake,Drizzy,Views From The 6,person,38229
intel,Intel,"Intel news, views & events about global tech innovation. Looking for support? Tweet @IntelSupport",brand,37978
shakira,Shakira,#LaBicicleta @CarlosVives & Shakira. iTunes: https://t.co/soIQTtdbP9  https://t.co/oEZtqqavxC,person,37653
TheDeeKosh,Dee Kosh,i talk on the radio @Power98. I talk on YouTube. In a loving long term relationship with Fried Chicken Contact : deekosh@gmail.com,person,37611
UNICEF,UNICEF,"UNICEF promotes the rights and wellbeing of every child in 190 countries and territories, with a special focus on reaching those in greatest need.",other,37562
IBGDRGN,G-DRAGON,ñí ONE AND ONLY GD ñí http://t.co/94cfAZzmy9ÔΩúhttp://t.co/YepKJotLhAÔΩúhttp://t.co/z4O2zgQL5qÔΩúinstagram:XXXIBGDRGN | http://t.co/Txk7haRyAV,person,37378
TravelLeisure,Travel + Leisure,"Your connection to the world of travel, brought to you by our editors. Questions? Stories? Please share! Social media terms: http://t.co/EZJig77Mz1",travel,37288
arrahman,A.R.Rahman,Grammy and Academy Award winning musician,person,37131
KendallJenner,Kendall,Model - The Society Management // Elite Paris // Elite London // Elite Milan,person,36951
FinancialTimes,Financial Times,"Headlines from the FT. Follow us on @FT for news stories, features and updates. Our customer service team is @FTcare.",news,36910
FoxNews,Fox News,"America's Strongest Primetime Lineup Anywhere! Follow America's #1 cable news network, delivering you breaking news, insightful analysis, and must-see videos.",news,36892
gmail,Gmail,"News, tips and tricks from the Gmail team. Need help? Fly on over to our Help Center or forum.",brand,36458
MileyCyrus,Miley Ray Cyrus,Miley Cyrus & Her Dead Petz out now fo freeeeeee mothaaaa fuckazzz!,person,36431
ChampionsLeague,Champions League,The official home of the UEFA Champions League on Twitter.     Spanish account: @LigadeCampeones U19: @UEFAYouthLeague,sports,36056
travelchannel,Travel Channel,The official Twitter account of Travel Channel (US). Follow us to talk about all things travel!,travel,35641
AirAsiaId,AirAsia Indonesia,"Maskapai penerbangan berbiaya hemat dan inovatif. 
untuk segala pertanyaan/complaint silakan langsung mention @askairasia",airline,35158
business,Bloomberg,The first word in business news.,news,35132
smrtsg,SMRT Feedback,Singapore's Social Media Badass.,person,35083
KevinHart4real,Kevin Hart,My name is Kevin Hart and I WORK HARD!!! That pretty much sums me up!!! Everybody Wants To Be Famous But Nobody Wants To Do The Work,,34917
KylieJenner,Kylie Jenner,https://t.co/xpTyiQavPr https://t.co/ExGKy1KFmO,person,34903
Starbucks,Starbucks Coffee,"Inspiring and nurturing the human spiritÄîone person, one cup, one neighborhood at a time.",brand,34804
Pink,P!nk,it's all happening,person,34768
imVkohli,Virat Kohli,"The Official twitter account of Virat Kohli, Indian cricketer,gamer,car lover,loves soccer and an enthusiast",person,34765
billclinton,Bill Clinton,"Founder, Clinton Foundation and 42nd President of the United States. Follow @clintonfdn fo more on my work around the world.",person,34723
mashable,Mashable,"News, resources, inspiration and fun for the connected generation. Tweets by @mashable staff.",news,34665
IndonesiaGaruda,Garuda Indonesia,"The Airline Of Indonesia | 24 hours Call Center 08041807807, +622123519999 | sosialmedia@garuda-indonesia.com |Facebook https://t.co/c2c2QMoNGf",airline,34651
hootsuite,Hootsuite,Social media news and tips from the world's most widely used social relationship platform. Sign up for free: http://t.co/Zmrb0hY23s Support: @Hootsuite_Help,news,34567
juniorbachchan,Abhishek Bachchan,"Actor, sports fan.... Yup, that's about it.",person,34271
USAirways,US Airways,,airline,34104
TheRealRyanHiga,Ryan Higa,That asian on youtube #higaholics New #TEEHEE app here: iPhone: http://t.co/YJn1KuC9bQ Android: http://t.co/0LokdFMnO6,person,34102
sachin_rt,sachin tendulkar,Proud Indian,person,34043
kanyewest,KANYE WEST,,person,33847
QantasUSA,Qantas Airways USA,Official Qantas USA. Follow us for USA news & fare sales. Visit https://t.co/2rwl9Mp5h8. For travel q's you may contact @Qantas. We're here Mon-Fri 9am-5pm PST.,airline,33791
NBCNews,NBC News,"A leading source of global news and information for more than 75 years. 
 
Facebook: https://t.co/oeDi7xACU7 

Snapchat: https://t.co/suOkoNb0KE",news,33752
karanjohar,Karan Johar,Filmmaker....,person,33717
sonamakapoor,Sonam Kapoor,"a female actor who lives to eat and read in that order.

https://t.co/0xFnHBrZbs",person,33689
BBC_Travel,BBC Travel,Discover new cultures. Embark on new adventures. Celebrate. Explore. Engage. BBC Travel: Inspiring you to fall in love with the world.,travel,33228
UberFacts,UberFacts,The most unimportant things you'll never need to know.,channel,33201
wizkhalifa,Wiz Khalifa,Taylor Gang,person,33135
realDonaldTrump,Donald J. Trump,,person,33107
TEDTalks,TED Talks,The official feed for http://t.co/XyGsGk6F0m. Ideas worth spreading.,channel,32897
aliaa08,Alia Bhatt,Beautifully chaotic :),person,32833
FIFAcom,FIFA.com,"Bringing you interviews, features and news on FIFA and our 211 Member Associations. https://t.co/Qgt2IiVKey",sports,32724
BBCSport,BBC Sport,Official https://t.co/XsBH2P4slh account. Also from @bbc - @bbcmotd @bbcf1 @bbctms @bbctennis @bbcrugbyunion & @bbcgetinspired,sports,32092
timesofindia,Times of India,"News. Views. Analyses. Conversations. India's No.1 digital news destination, world's largest-selling English newspaper.",news,32040
JoannePeh,Joanne Peh,"Actress, Singapore. Loves art, music, literature & fashion.",person,31888
FarOutAkhtar,Farhan Akhtar,Writer. Director. Actor. Singer/Songwriter. Founder- @MardOfficial Initiative | @UN_Women Goodwill Ambassador(South Asia),person,31844
TravelMagazine,The Travel Magazine," Get the latest travel news, articles, reports, guides, offers, competitions and more from https://t.co/0In5ml7F8A - we'd love to hear from you too.",travel,31818
onedirection,One Direction,1D's album Made in the A.M. is OUT NOW: https://t.co/gtTGAb8uTh |,person,31784
TechCrunch,TechCrunch,"Breaking technology news, analysis, and opinions from TechCrunch. The number one guide for all things tech.
Got a tip? Let us know tips@techcrunch.com",news,31741
kimberly_chia,Kimberly Chia,A blessed girl having the time of her life. Learning to appreciate everything that is life.  kimberlychia.sg,person,31706
LilTunechi,Lil Wayne WEEZY F,IM YOUNG MONEY http://t.co/wMwkyzCu,person,31644
Support,Twitter Support,"We Tweet tips and tricks to help you boost your Twitter skills and keep your account secure. For detailed help, visit http://t.co/qq1HEzdMA2.",,31616
speishi,Peishi Soh, Instagram: @speishi àû https://t.co/bJzgoclHvz àû Email me at speishi@hotmail.com,person,31529
shahidkapoor,Shahid Kapoor,"Actor, Dreamer, Lover, Believer .",person,31492
LouisVuitton,Louis Vuitton,The official Twitter page for Louis Vuitton Worldwide. Contact client services at @LVServices for customer assistance and personalised advice.,brand,31437
WayneRooney,Wayne Rooney,@NikeUK athlete https://t.co/3yp07llC6E @triplessports,person,31385
voguemagazine,Vogue Magazine,The official twitter page of Vogue Magazine.,channel,31364
ParineetiChopra,Parineeti Chopra,Instagram - Parineetichopra. Snapchat - ChopraParineeti,person,31275
sonakshisinha,Sonakshi Sinha,"Shotgun Junior! Instagram: aslisona, Snapchat: aslisonasnap",person,31196
AnushkaSharma,Anushka Sharma,,person,31175
NFL,NFL,Official Twitter account of the National Football League. Our Social Media Policy: https://t.co/Og68FW2cN7,sports,31080
IATA,IATA,The International Air Transport Association (IATA) is the global trade association of airlines. Our 260 members comprise 83% of total air traffic.,travel,30933
NewYorker,The New Yorker,"The New Yorker is a weekly magazine with a mix of reporting on politics and culture, humor and cartoons, fiction and poetry, and reviews and criticism.",channel,30645
BrunoMars,Bruno Mars,,person,30602
Skype,Skype,The latest news and updates from the team at Skype. Follow the link below to discover all the wonderful things Skype has to offer.,brand,30522
tomhanks,Tom Hanks,"I'm that actor in some of the movies you liked and some you didn't. Sometimes I'm in pretty good shape, other times I'm not. Hey, you gotta live, you know?",person,30220
TrulyNoah,Noah Yap Âè∂Ëç£ËÄÄ,Actor - Host - YouTuber Business enquiries: nyry-.-@hotmail.com,person,30206
WIRED,WIRED,WIRED is where tomorrow is realized.,channel,30201
CNTraveler,Conde Nast Traveler,"At home in the world. 

Snapchat: CNTraveler",travel,30148
AnupamPkher,Anupam Kher,Actor/Teacher/Author/Motivational Speaker/@UN_Women Champion of Gender Equality @HeForShe,person,29762
CBSNews,CBS News,The official twitter feed of @CBSNews. Follow for original reporting and trusted news.,news,29698
FT,Financial Times,"News stories, features and updates from the FT. For headlines follow @financialtimes. Our customer service team is @FTcare.",news,29672
ndtv,NDTV,Breaking news alerts from India,news,29577
CHANEL,CHANEL,"'CHANEL is above all a style. Fashion passes, style remains.' Gabrielle Chanel",brand,29295
Dior,Dior,,brand,29290
googlemaps,Google Maps,Photographic dispatches from Planet Earth.,brand,29231
danieltosh,daniel tosh,not a doctor,person,29057
RNTata2000,Ratan N. Tata,"Former Chairman of Tata Group. Personal interests : - aviation, automobiles, scuba diving and architectural design.",person,28908
_austrian,Austrian Airlines,"Official Austrian Airlines twitter Channel - the charming way to fly! For compliments and complaints, please refer to https://t.co/ODtoNtlX4z.",airline,28848
xtina,Christina Aguilera,,person,28561
coldplay,Coldplay,"New album, A Head Full Of Dreams, out now worldwide. #AHFODtour runs through 2016. Spanish language account: @coldplay_es",person,28400
ArvindKejriwal,Arvind Kejriwal,Political revolution in India has begun. Bharat jaldi badlega. Arvind Kejriwal.,person,28375
Zongino,Zongino,OUT OF THIS WORLD FUN,,28298
Gatwick_Airport,Gatwick Airport LGW,We're here 24/7 to answer your questions and help you have a great experience at Gatwick. Follow @LGWobviously for runway 2 news.,airport,27993
blakeshelton,Blake Shelton,The Official Blake Shelton Twitter. You're getting the real BS straight from Blake himself. (And a few official updates from Team BS too),person,27850
nytimestravel,NY Times Travel,Travel news and features from around the world.,travel,27845
davidguetta,David Guetta,Official David Guetta Twitter Page. http://t.co/RMCqdEM9XC,person,27820
thejianhaotan,JianHao F≤ Tan,"To catch me, you gotta be fast. To find me, you gotta be smart. To be me... lol, you gotta be kidding. https://t.co/jivUlIUvfu",person,27706
muttons,MuttonsInTheMorning,Muttons In The Morning - Weekdays 6am-10am on Class95FM. Radio geeks. Loves 4-ply tissue.,channel,27621
realmadrid,Real Madrid C. F.,"Cuenta oficial del Real Madrid C.F., ENGLISH @realmadriden, FRAN√áAIS @realmadridfra, ÿßŸÑÿπÿ±ÿ®ŸäŸá @realmadridarab, Êó•Êú¨Ë™û @realmadridjapan.",sports,27604
WorldBank,World Bank,The official World Bank Twitter feed. The World Bank's mission is to fight poverty with passion and professionalism for lasting results.,other,27497
aliciakeys,Alicia Keys,"Passionate about my work, in love with my family and dedicated to spreading light. It's contagious! ;-) https://t.co/vZcUuNOKcz",person,27351
neymarjr,Neymar Jr,"Filho de Deus, Pai, Feliz e Ousado !",person,27243
AppleMusic,Apple Music,All the ways you love music. All in one place.,brand,27073
AvrilLavigne,Avril Lavigne,Get 'Avril Lavigne' on iTunes now: https://t.co/m8yd5aoLeN,person,27068
Alitalia,Alitalia,Welcome to the official AlitaliaTwitter account! Follow us for latest news and events!,travel,26968
rogerfederer,Roger Federer,Professional tennis player,person,26925
NatGeoPhotos,Nat Geo Photography,All things photography from National Geographic. Like us on Facebook: https://t.co/17NiJ0092Z,,26891
AlaskaAir,Alaska Airlines,Official account of Alaska Airlines. Our Social Care team is here for you 24/7. For a formal response: https://t.co/NejvhDF05N. Tag photos with #iFlyAlaska,airline,26889
hmsingapore,H&M Singapore,Fashion and quality at the best price.,brand,26743
twitterapi,Twitter API,"The Real Twitter API. I tweet about API changes, service issues and happily answer questions about Twitter and our API. Don't get an answer? It's on my website.",other,26709
donghae861015,Super Junior Ïù¥ÎèôÌï¥,SJ,person,26666
pitbull,Pitbull,Mr. Worldwide. Musician. Entertainer. Entrepreneur.,person,26659
thekiranbedi,Kiran Bedi,"LtGov.Puducherry,IPS (retd),Magsaysay Awardee,former UN Police Advisor,Asian Tennis Champ,Law,PhD-IIT,Nehru Fellow,Author,Voted Most Trusted,Admired Woman,2NGOs",person,26650
MercedesBenz,Mercedes-Benz,Welcome to Mercedes-Benz - stay informed and follow us. For technical assistance please contact your local dealer. Provider: https://t.co/dIo7vVvhBh,brand,26649
Burberry,Burberry,Shop the show: https://t.co/1F5QFB7Bjc,brand,26484
RafaelNadal,Rafa Nadal,Tennis player.,person,26457
maroon5,Maroon 5,"This is the Official Twitter page for Maroon 5
@adamlevine @jamesbvalentine @JRCarmichael and @pjmorton. #V out now! http://t.co/pqyCrYEX2h",person,26450
FCBarcelona,FC Barcelona,"More official accounts @fcbarcelona_cat @fcbarcelona_es @fcbarcelona_br @fcbarcelona_jp @fcbarcelona_id, @fcbarcelona_ara @fcbarcelona_fra @fcbarcelona_tr",sports,26397
HungryGoWhere,HungryGoWhere,"First stop for the Hungry. Singapore's best food & restaurants, promos & latest reviews - by the community, for the community. We help each other w/ what to eat",brand,26308
KAKA,Kaka,https://t.co/6tgzPaNfFt,person,26274
Harry_Styles,Harry Styles.,Raconteur.  https://t.co/gtTGAbq5KP,person,26253
SkyNews,Sky News,"Stories direct from the @SkyNews newsroom. Tweet us your queries and questions. For breaking news, follow @SkyNewsBreak.",news,26242
victoriabeckham,Victoria Beckham,The Official Twitter page for Victoria Beckham,person,26112
Sony,Sony,The official Twitter account for Sony in the United States.,brand,26049
Asli_Jacqueline,Jacqueline Fernandez,Actress,person,25974
chetan_bhagat,Chetan Bhagat,The CB family!,person,25760
WestJet,WestJet,Welcome to the official WestJet Twitter account! We're online and available to help 24/7. Please send personal info via direct message only.,airline,25733
AppStore,App Store,,brand,25701
Pontifex,Pope Francis,Welcome to the official Twitter page of His Holiness Pope Francis,person,25691
FLOTUS,The First Lady,This account is run by the Office of First Lady Michelle Obama. Tweets from the First Lady are signed -mo. Tweets may be archived. More at https://t.co/eVVzoBb3Zr,person,25685
USATODAY,USA TODAY,The latest news and most interesting stories from USA TODAY. News that's meant to be shared.,news,25669
bipsluvurself,Bipasha Basu,An Actor & fitness enthusiast who believes in the philosophy of ''Love Yourself... Watch this space for the real me.,person,25658
aplusk,ashton kutcher,"I make stuff, actually I make up stuff, stories mostly, collaborations of thoughts, dreams, and actions. Thats me.",person,25541
Nike,Nike,#justdoit,brand,25510
ajaydevgn,Ajay Devgn,"strong beliefs win strong men, and then make them stronger. @ShivaayTheFilm",person,25410
PlayStation,PlayStation,"Official Twitter updates on PlayStation, PS4, PS VR, PS3, PS Vita, and PSN. Titles rated E-M. Support channel: @AskPlayStation",brand,25386
cathaypacificUS,Cathay Pacific US,"Greetings! This Twitter page is managed by Nancy in San Francisco, M-F, 9am-5pm.",,25299
hrw,Human Rights Watch,"We provide timely information on #humanrights crises in 90+ countries. Curated by @jimmurphysf, @astroehlein & @snorthfield45 Staff list https://t.co/wBw0SILvlQ",other,25298
Zoella,Zo√´,"YouTuber, Blogger, Friend & Pizza Addict ",person,25178
PAPSingapore,PAP Singapore,"Published by and at the direction of the People's Action Party, 57B New Upper Changi Road, #01-1402, Singapore 463057

Instagram: @papsingapore",other,25118
ImRaina,Suresh Raina,"Cricket is my Passion, Fans are my Strength and Family is my Support",person,25088
Audi,Audi,The official Twitter account of Audi of America.,brand,24951
SAS,SAS,"The largest airline company in Scandinavia, flying to and from Europe, with flights to North America and Asia. Customer service: flysas.com or facebook.com/SAS",airline,24919
ParisHilton,Paris Hilton,My new fragrance #GoldRush is now available  https://t.co/Or93I1Mxuu,person,24840
RealHughJackman,Hugh Jackman,Instagram: @TheHughJackman,person,24732
Discovery,Discovery,Grab life by the globe!,channel,24676
StephenAtHome,Stephen Colbert,Vehicle,person,24648
guardiannews,Guardian news,The latest stories from the @guardian's news desks.,news,24624
TheVijayMallya,Vijay Mallya,"Former Member of Parliament, India, Chairman, The UB Group, Co-owner & Team Principal Sahara Force India Formula 1",person,24588
arunjaitley,Arun Jaitley,"Minister of Finance & Corporate Affairs, Government of India",person,24512
jamieoliver,Jamie Oliver,Official Jamie Oliver: Proud Dad & Chef,person,24455
Arsenal,Arsenal FC,"The official club website brings you all the latest #Arsenal news, views and ticket information from Emirates Stadium

Follow:
@OfficialAFC_ID
@OfficialAFC_ES",sports,24378
ShraddhaKapoor,Shraddha Kapoor,Living the dream!,person,24373
MTV,MTV, tweets by @kaitiii | snapchat: mtv,channel,24343
virendersehwag,Virender Sehwag,"Indian Cricketer. For Endorsements, Events , Social Media Campaigns call Amritanshu +91 9873690935 ,For Sehwag International School call +91 9711188700",person,24294
KDTrey5,Kevin Durant,"IM ME, I DO ME, AND I CHILL",person,24231
TheShilpaShetty,SHILPA SHETTY KUNDRA,"Full time Mother & Wife,part time Actor, Author of @greatindiandiet ,Yoga enthusiast Entrepreneur ,Founder of @Iosis Spa&Salons, @viaanmobiles & @SSFCare my NGO",person,24222
Lufthansa_DE,Deutsche Lufthansa,"Das ist der offizielle Lufthansa_DE Twitter-Kanal. Bitte richtet Anregungen, Lob oder Kritik an: https://t.co/GjRy7UfyzU",airline,24220
WHO,WHO,"Official Twitter account of the World Health Organization, the United Nations' health agency",other,24196
TimesNow,TIMES NOW,Times Now is India's most watched English news channel. Follow us for breaking news & updates.,news,24189
DjokerNole,Novak Djokovic,"Laugh as long as you breathe, love as long as you live!",person,24162
luxury__travel,A Luxury Travel Blog,Blogging on all things luxury travel at http://t.co/qClm5pokjd - please contact us via the blog ( http://t.co/ItuVWGd0i7 ),travel,24142
Riteishd,Riteish Deshmukh,"Life is a Drawing Board, Sharpen your pencil, dont forget the eraser.",,24111
Porsche,Porsche,The official Twitter handle of Porsche Cars North America. Our Customer Care team is here to help. Tweet #PorscheCares or call 1-800-PORSCHE for assistance.,brand,24093
detikcom,detikcom,"Official Twitter of http://t.co/oOBkZ1EQMA. redaksi@detik.com | promosi@detik.com | 
Android: http://t.co/uBAYnisH9r
iPhone: http://t.co/36uDqdyxKN",news,24034
jetairways,Jet Airways,The official Twitter account of Jet Airways. Follow us for interesting updates and information!,airline,23996
Lamborghini,Lamborghini,Visionary | Cutting Edge | Pure Super Sports Car Maker. #Lamborghini,brand,23978
stephenfry,Stephen Fry,Actor and writer currently working on new TV comedy @GreatIndoorsCBS Instagram - stephenfryactually,person,23953
FIFAWorldCup,FIFA World Cup,Updates for Russia 2018 provided by the Official Site of the FIFA World Cup,sports,23946
MirzaSania,Sania Mirza,Dreamer.Believer.Doer. Even against all odds./ @UN_Women Goodwill Ambassador for South Asia,person,23897
Citi,Citi,Serving as a trusted partner to our clients by responsibly providing financial services that enable growth & economic progress. Customer service: @AskCiti,brand,23803
GuardianTravel,Guardian Travel,"The latest travel news, insider guides, emerging destinations, new hotels and travel trends from the @Guardian. Instagram: guardiantravelsnaps",travel,23792
facebook,Facebook,Giving people the power to share and make the world more open and connected.,brand,23456
TwitterMusic,Twitter Music,Music related Tweets from around the world.,brand,23421
PDChina,"People's Daily,China","The largest newspaper group in China; Timely updates 
https://t.co/GjIOtXvfA2 https://t.co/nCvfm8gTgr",news,23307
nokia,Nokia,Are you ready for a new era of technology? Join us in expanding the human possibilities of the connected world.,brand,23277
UberSoc,UberSocial,"A full-featured, customizable Twitter app just for you. For support, please submit tickets here: http://t.co/PBWcqQ73",other,23268
Ryanair,Ryanair,Thanks for choosing Europe's favourite airline! We're here 7am - 9pm everyday. Ryanair. Low Fares. Made Simple. Live Flight Info here: https://t.co/cnePB7yLGg,airline,23232
Lumia,Lumia,"The official destination for the latest news, updates and insights from the Microsoft Lumia team. For support Tweet @LumiaHelp",brand,23188
ICC,ICC,"The official twitter account of the International Cricket Council, world cricket's governing body #CT17 Starts June 1st 2017",other,23161
MesutOzil1088,Mesut √ñzil,Football player for @arsenal & @DFB_Team,person,23056
bomanirani,Boman Irani,work in progress,person,23052
SushmaSwaraj,Sushma Swaraj,Minister of External affairs,person,23050
HarvardBiz,Harvard Biz Review,The leading destination for smart management thinking. Click here to subscribe: https://t.co/7mnPc2GE4Q,channel,23022
EconBizFin,The Economist,"Official posts from The Economist on Business, Finance and Economics. Subscribe to our Money Talks podcast here https://t.co/3cTKbmDJha",,22878
BMW,BMW,Welcome to the official #BMW account. http://t.co/VjgKsKkFhI,brand,22878
3M,3M,"Here, we innovate with purpose & use #science every day to create real impact in every life around the world. #Lifewith3M",brand,22778
RanveerOfficial,Ranveer Singh,Living the dream.......,person,22758
dolcegabbana,Dolce & Gabbana,,brand,22655
TwitterSports,Twitter Sports,Official Account run by the Global Sports Team @Twitter.,sports,22648
shrutihaasan,shruti haasan,everything in its right place,person,22640
ShaneWarne,Shane Warne,A proud father to 3 wonderful teenagers. Played cricket. Now cricket commentary. Cricket All Stars owner. Poker player & lover of 80's music. Single/Australian,person,22632
KapilSharmaK9,KAPIL,Actor...who loves to make ppl laugh... ..https://t.co/lvWDr75m4z,person,22594
ChangiAirport,Changi Airport,"The official #ChangiAirport Twitter account for the latest news, events & deals. You may also follow @ChangiAirport on Facebook, Instagram, YouTube & LinkedIn.",airport,22508
ChelseaFC,Chelsea FC,Welcome to the official Twitter account of Chelsea Football Club.,sports,22485
TheFarahKhan,Farah Khan,"Film Director, Choreographer, Producer, now Actress & proud Mother of Triplets.",person,22477
thesushmitasen,sushmita sen,I AM,person,22416
jessicaalba,Jessica Alba,"Mom of 2, Founder of The Honest Company, amateur chef, terrible speller, loyal friend, hilarious at times... I play make believe for a living",person,22332
htTweets,Hindustan Times,One of India's largest media companies. Latest news from around the world. Retweets are not endorsements.,news,22186
MariahCarey,Mariah Carey,New album #1toInfinity out now!,person,22141
Persie_Official,Robin van Persie,@Fenerbahce,,22123
VictoriasSecret,Victoria's Secret,"Welcome to the official feed for Victoria's Secret, where Angels, Bombshells & the sexiest followers on Twitter get their fix for everything VS.",brand,22099
ABdeVilliers17,AB de Villiers,"Professional Cricket player
Proudly South African",person,22055
henrygayle,Chris Gayle,Universe-Boss / 'Chris d Lion',person,21945
RobertDowneyJr,Robert Downey Jr,You know who I am.,person,21918
RyanSeacrest,Ryan Seacrest,The day will happen whether or not you get up. - John Ciardi,person,21907
smritiirani,Smriti Z Irani,"Union Cabinet Minister of Textiles, Government of India. Member of Parliament, Rajya Sabha representing the state of Gujarat.",person,21894
ReutersBiz,Reuters Business,"Top business news around the world. Join us @Reuters, @breakingviews, @ReutersGMF",news,21888
Number10gov,UK Prime Minister,"Official channel for Prime Minister Theresa May's office, based at 10 Downing Street. Tweets before 5pm, 13 July 2016 are from the previous Prime Minister.",person,21875
Expedia,Expedia,"Travel tips, inspiration & deals from https://t.co/fcT976R6Hd. Customer service from 5am-10pm PT daily. Have you checked out the Expedia Viewfinder blog yet?",travel,21854
Australia,Australia,Tourism Australia's official account. We're also @Australia on Instagram.,other,21845
GarethBale11,Gareth Bale,Footballer. @realmadrid and @FAWales. Instagram - https://t.co/nWn3lae5ky,person,21845
armani,Armani,https://t.co/DPsTDtdQXH,brand,21771
TigerairSG,TigerairSG,The official Twitter page of Tigerair Singapore,airline,21736
edsheeran,Ed Sheeran,x,person,21703
andersoncooper,Anderson Cooper,tweets by Anderson Cooper. Anchor of @AC360 on CNN and correspondent on @60Minutes. Author of NYTimes Best Seller - The Rainbow Comes And Goes,person,21694
UNHumanRights,UN Human Rights,The United Nations #HumanRights office is led by High Commissioner #Zeid,other,21688
rampalarjun,arjun rampal,To touch is to heal. To hurt is to steal. Let's heal.,person,21661
GoogleTravel,Google Travel Team,Google's Travel Team (Official): Here to provide the latest industry news & data,travel,21656
RT_com,RT,"RT, the global news network, broadcasts from Moscow, London and Washington studios to over 100 countries.",news,21653
hm,H&M,"Welcome to H&M's official Twitter account. For customer service, please tweet @hm_custserv or visit https://t.co/pDnuki6akQ.",brand,21626
Entrepreneur,Entrepreneur,"Inspiring, informing and celebrating entrepreneurs since 1973. Please tweet @EntCommunity for questions and event live-feeds.",channel,21528
geneliad,Genelia Deshmukh,,person,21491
fodorstravel,Fodor's Travel,Travel Intelligence to give you insightful observations and recommendations to plan your next getaway.,travel,21490
twittermedia,Twitter Media,"Discover the best content on Twitter, across news, sports, entertainment, politics, music, and lifestyle.",channel,21483
Iberia,Iberia,A tu servicio 24 horas los 365 dias del ano. øEn que podemos ayudarte desde aqui? °Te leemos! :),airline,21480
BoyThunder987,Gerald Koh,#TheBroCode987 Weekdays 4 - 8pm @987FM geraldkoh@mediacorp.com.sg Snapchat : Geraldkoh987 Instagram: Geraldkoh987,person,21448
LFC,Liverpool FC,"Official worldwide account of Liverpool FC, England's most successful club with 41 major honours #LFC",sports,21416
NiallOfficial,Niall Horan,Listen to my debut single 'This Town' here: https://t.co/xOVnVyUXcK,person,21399
Xbox,Xbox,"Welcome to the official @Xbox Twitter feed, your source for news, console info, game releases, events, sports, & more. For help, please contact @XboxSupport.",brand,21285
ThoughtCatalog,Thought Catalog,All thinking is relevant.,channel,21251
businessinsider,Business Insider,What you need to know.,channel,21230
sardesairajdeep,Rajdeep Sardesai,"father first.Journalist, anchor, author: 2014: The Election That Changed India. mail: rajdeepsardesai52@gmail.com. blog at https://t.co/L2nINGl0kb",person,21184
JimCarrey,Jim Carrey,Actor Jim Carrey!,person,21172
BDUTT,barkha dutt,Barkha Rani JamKe Barasti Hai. Cloudburst. Journalist. Dreams of being a Lawyer. Argumentative! Yaaron Ka Yaar.,person,21115
latimes,Los Angeles Times,News from Los Angeles and the world. Staffed by http://t.co/zb8HyvYyAJ editors.,news,21058
HawaiianAir,Hawaiian Airlines,"Your source for Hawaiian Airlines news, tips, & updates. For customer issues, please contact us at: https://t.co/ZsM44LNYPV",travel,20840
S1dharthM,Sidharth Malhotra,keep it real,person,20840
imMichelleChong,Michelle Chong,Are you ready for LULU THE MOVIE?! https://t.co/neIGgEt1Bb,person,20834
CalvinKlein,Calvin Klein,"Calvin Klein is a global lifestyle brand that exemplifies bold, progressive ideals and a seductive, and often minimal, aesthetic.",brand,20830
CNNMoney,CNNMoney,The money news that matters most to you. Meet our team: http://t.co/krbacc9dFn,channel,20789
AJEnglish,Al Jazeera English,Everyone has a story worth hearing. Follow @AJENews for breaking news. Add us on Snapchat: AJENews.,news,20755
BW,Businessweek,The official Twitter of Bloomberg Businessweek. Covering the business world like no one else.,channel,20721
Independent,The Independent,"News, comment and features from The Independent.",news,20666
rickygervais,Ricky Gervais,"Godless Ape. Comedian, Actor, Screenwriter, Movie Director. #TheOffice #Extras #Derek #TheRickyGervaisShow #LifeOnTheRoad #Humanity",person,20581
KP24,KP,,person,20557
iamwill,i.am+,#WHEREStheLOVE August 31st.,person,20510
StateDept,Department of State,"Welcome to the official U.S. Department of State Twitter account!  
Secretary Kerry tweets from @JohnKerry.",other,20504
MercedesAMGF1,MERCEDES AMG F1,The official Twitter account of the MERCEDES AMG PETRONAS Formula One Team - 2014 and 2015 Formula One World Champions!,other,20501
Metro_TV,METRO TV,The Official Twitter Page of METRO TV | METROTVNEWS com,news,20488
CNBC,CNBC,First in Business Worldwide,news,20469
mangeshkarlata,Lata Mangeshkar,playback singer since 1942. https://t.co/8BRJP3bvMX,person,20448
Citilink,Citilink Indonesia,"Welcome to the official Citilink Indonesia Twitter account! For more information & flight info, please call 08041080808 (24 Hours) / info@citilink.co.id",airline,20417
IndiaToday,India Today,"Brings you news breaks:Exclusive political, entertainment, sports insight, unbiased-nonaligned


Follow us @IndiaToday

Official URL: http://t.co/ICyUpGKpTg",news,20393
psy_oppa,PSY,#7thALBUM on iTunes https://t.co/9oXqUb7l9M #DADDY M/V on YouTube https://t.co/3SgevEYdt4 #NapalBaji M/V on YouTube https://t.co/3gLItsxkW0,person,20388
TheRock,Dwayne Johnson,Chivalrous gentleman.,person,20364
astonmartin,Aston Martin,"The only official Twitter account of Aston Martin Lagonda. Tweets of Power, Beauty and Soul. #astonmartin",brand,20331
HHShkMohd,HH Sheikh Mohammed,Official Tweets by His Highness Sheikh Mohammed bin Rashid Al Maktoum,person,20297
usatodaytravel,USA TODAY Travel,"Get the latest travel news, deals and trends about flights, hotels, cruises and destinations from the USA TODAY Travel team.",travel,20256
FortuneMagazine,Fortune,"FORTUNE's official Twitter feed. Here's what we're hearing, seeing, reading and writing. Visit us at http://t.co/EZnUYxNm",channel,20243
ImRo45,Rohit Sharma,,person,20216
Versace,Versace,"Founded by Gianni Versace in 1978, Versace is one of the world's leading international fashion brands and is a symbol of Italian style worldwide.",brand,20193
BA_USA,British Airways N.A.,This account is no longer active. Please follow @british_airways for 24-hour a day customer support and updates.,airline,20174
nytimesworld,New York Times World,World news from The New York Times. Follow our editors and correspondents here: http://t.co/dZjTQkxoyM,news,20151
DubaiAirports,Dubai Airports,Dubai Airports owns and manages the operation of Dubai International (DXB) and Dubai World Central (DWC). ÿ™ÿßÿ®ÿπŸàÿß ÿµŸÅÿ≠ÿ™ŸÜÿß ÿ®ÿßŸÑŸÑÿ∫ÿ© ÿßŸÑÿπÿ±ÿ®Ÿäÿ© @DubaiAirportsAr,airport,20130
OMGFacts,OMG Facts,#TheMoreYouKnow,channel,20110
ThaiAirways,Thai Airways,Welcome aboard to official Twitter account of Thai Airways International,airline,20042
SBYudhoyono,S. B. Yudhoyono,Akun Resmi Presiden Ke-6 RI (2004-2014) Susilo Bambang Yudhoyono. Dikelola oleh Staf Pribadi. Twit dari Susilo Bambang Yudhoyono ditandai *SBY*,person,20000
redbullracing,Red Bull Racing,#GivesYouWings #PushTheBoundaries,brand,19945
3gerardpique,Gerard Pique,FCBarcelona | Football Player,person,19931
timestravel,The Times Travel,"The latest travel news, deals and videos plus inspiration for your next trip",travel,19875
LewisHamilton,Lewis Hamilton,"H.A.M til the day I die!! #TeamLH Snapchat: lewishamilton https://t.co/Q4FiC7dSrt
https://t.co/A341DuifUN https://t.co/DYC80EzVtG",person,19872
anandmahindra,anand mahindra,"Chairman and Managing Director, Mahindra Group",person,19858
Varun_dvn,Varun dhawan,"artist, the voice of the voiceless",person,19855
cntraveller,Conde Nast Traveller,Travel inspiration from the editors of Conde Nast Traveller UK,travel,19844
AirFranceFR,Air France FR,#FranceisintheAir ! @AirFranceFR vous delivre ici ses dernieres offres et est √† votre service 24/7. (Donnees perso uniquement en DM),airline,19789
bhogleharsha,Harsha Bhogle,Blessed. Enjoy till it lasts.   https://t.co/AliHlEWvlX,person,19782
rioferdy5,Rio Ferdinand,Official Twitter account of Rio Ferdinand / Media Enquiries - info@neweraglobalsports.com / https://t.co/9hI5ihb0LY / SC - rioferdyfive,person,19746
XabiAlonso,Xabi Alonso,Cuenta oficial de Xabi Alonso,,19676
Telegraph,The Telegraph,"The latest news, business, sport, comment, lifestyle and culture from the https://t.co/cJ9Ctg93KL team.",news,19645
LiamPayne,Liam,the luckiest man in the world,person,19625
KenyaAirways,Kenya  Airways,"The Pride of Africa.Official KQ page sharing news, views and overall experience. E-mail: Customer.Relations@kenya-airways.com Tel:+254711024747/+254734104747",news,19617
arjunk26,Arjun Kapoor,"Son, Brother, Friend, Actor ( all 4 work in progress)",person,19556
googledrive,Google Drive,Google Drive is a safe place for all your files. Use Drive for free on all your devices. Visit http://t.co/ReoUx29Gxc to get started.,brand,19542
F1,Formula 1,The Official Formula 1Æ Twitter Account,other,19518
SkySportsNewsHQ,Sky Sports News HQ,The official Twitter account for Sky Sports News HQ. Your home of sports news.,sports,19516
wef,World Economic Forum,"The international organization for public private cooperation. Follow us for research, insight and analysis on global issues. Annual Meeting hashtag: #wef",,19514
STATravelSG,STA Travel Singapore,The Singapore office of the world's largest (& coolest!) travel company for students and young adults. Like us on Facebook @ http://t.co/e0Otptwr6W!,travel,19489
Jaguar,Jaguar,"Official Jaguar worldwide Twitter account for news, videos and photos from Jaguar cars, home to #FTYPE, #XE, #XF, #XJ and #FPACE.",brand,19485
JJ_Lin,JJ Lin,"Born & bred in Singapore, currently residing in Taiwan. We are all placed on earth to leave imprints on each others' lives.",,19479
ESPNcricinfo,ESPNcricinfo,"The home of cricket. https://t.co/tBXKmUsRs1
https://t.co/SehLbGwWnT",sports,19473
Newsweek,Newsweek,"Stay relevant. News and analysis on politics, science, technology, and culture.",news,19464
airliners_net,Airliners.net,"The Best Aviation Photos, Largest Online Aviation Community, Airplane Information and Aviation News!",travel,19463
Pharrell,Pharrell Williams,@i_am_OTHER,person,19408
andresiniesta8,Andres Iniesta,"FC Barcelona player. 
Born in Fuentealbilla 11 May 1984",person,19365
airberlin,airberlin,A warm welcome to the official airberlin Twitter account. Discover the world of airberlin and register now for the airberlin newsletter! https://t.co/tmcNONhGio,airline,19362
jokowi,Joko Widodo,"Akun resmi Joko Widodo, Presiden Republik Indonesia",person,19330
superstarrajini,Rajinikanth,The official handle of Superstar Rajinikanth,news,19293
Louis_Tomlinson,Louis Tomlinson,"1/4 of One Direction :) We would be nowhere without our incredible fans, we owe it all to you.",,19265
flightradar24,Flightradar24,"Track air traffic in real time from all around the world! Apps: http://t.co/ongfnAPfLz
FAQ: http://t.co/WfQImBHLYe
Support: http://t.co/ifn4x04sH9",travel,19189
UEFAcom,UEFA.com,http://t.co/jtKr33tmy8 - The official website for European football. Bringing you the latest from across Europe.,sports,19155
adidas,adidas,,sports,19119
elonmusk,Elon Musk,"Tesla, SpaceX, SolarCity, PayPal & OpenAI",person,19101
IndianExpress,The Indian Express,"The Indian Express brings to you latest news from India and the world, breaking round the clock. The 'Journalism of Courage' starts here.",news,19094
AirFranceUS,Air France US,#FranceisintheAir! At your service 24/7. Stay connected for our latest news. For media inquiries tweet @AFNewsroom (Personal info by DM only),airline,19081
ImZaheer,zaheer khan,"Cricketer | Fitness Enthusiast | Owner of ProSport Fitness| Co-Owner of Toss, Dine Fine| Cheese Cake Lover| Playing for DD in IPL8 | Love Mumbai|",person,19039
CNNnews18,News18,Latest news alerts from India,news,19022
krungy21,Sandara Park,Ìà¨Ïï†ÎãàÏõêÏùò ÏÉÅÌÅºÌïúÎ≥¥Ïª¨ & Ïã†Ïù∏Ïó¨Î∞∞Ïö∞ 2NE1's fresh vocal & Pambansang krungkrung ng Pilipinas & Actress,person,19014
sonunigam,Sonu Nigam,,person,19008
BCCI,BCCI,The Official Twitter Handle of Team India,sports,19006
ShashiTharoor,Shashi Tharoor,"MP for Thiruvananthapuram. Author of 15 books. Former Minister of State,Govt.of India.  Former UnderSecretaryGeneral,UnitedNations. RTs do not imply endorsement",person,18992
Javedakhtarjadu,Javed Akhtar,"A poet, lyricist, scriptwriter, atheist and a die-hard optimist",person,18990
rajnathsingh,Rajnath Singh,"Minister of Home Affairs, Government of India, INDIA",other,18972
SkySports,Sky Sports ,"The official Sky Sports Twitter account. Bringing you the latest sports news, 24-7.",sports,18965
agnezmo,AGNEZ MO,DREAM BELIEVE & MAKE IT HAPPEN! Instagram: @agnezmo and @myfitnezdiary Tumblr: https://t.co/Gr7UE5iP2x Facebook: https://t.co/gKjuCm59Q7,person,18951
tim_cook,Tim Cook,"CEO Apple, Fan of Auburn football and Duke basketball",news,18938
BBCBusiness,BBC Business,Business news from the BBC. This is our official account aimed at a UK audience. For more global BBC business news please follow @BBCWorldBiz.,news,18916
CalvinHarris,Calvin Harris,Music producer,person,18903
EuropaLeague,UEFA Europa League,The official home of the UEFA Europa League on Twitter. #UEL,sports,18885
BentleyMotors,Bentley Motors,"Welcome to the official Twitter feed for Bentley Motors. The closer you look, the more you see. #BeExtraordinary",brand,18859
kobebryant,Kobe Bryant,CEO Kobe Inc. Publisher. Investor. Producer.,person,18783
LaraDutta,Lara Dutta Bhupathi,"One head, many hats!   Instagram ac - @larabhupathi",person,18711
DeltaNewsHub,Delta News Hub,"Official Twitter newsroom of Delta Air Lines, a resource for people sharing Delta news. Visit @Delta for customer service, tips and promos.",airline,18710
NargisFakhri,Nargis,Global Citizen,person,18688
vine,Vine,Vine is an entertainment community where things happen fast. Sign up for #beyondtheVine at the link below!,channel,18652
rustyrockets,Russell Brand,x2 new gigs announced London and Hayes! tickets are here: https://t.co/kcYt4hkDE0,,18580
Realtaeyang,TAEYANG,,person,18555
AirlineReporter,Airline Reporter,"Providing engaging news & stories on aviation, travel, & airlines since 2008. Over 30 writers, in 18 cities, on 4 continents. Home of the #AvGeek!",travel,18554
flyPAL,Philippine Airlines,This is the OFFICIAL twitter site of Philippine Airlines.,airline,18485
STPix,Straits Times Photo,"The Straits Times Photo Desk See news pictures, photo essays, and multimedia stories produced by our photojournalists at http://t.co/eGknlnhg8t",news,18473
enews,E! News,"Entertainment news from https://t.co/G81dlZzugAÄîwatch weeknights at 7p & 11p for the latest! 
Snapchat: e_news",channel,18463
MariaSharapova,Maria Sharapova,https://t.co/NaE11fCnqd,person,18460
AviationWeek,Aviation Week,"Insight and analysis from the Aviation Week Network, the largest information provider to the global aviation, aerospace and defense industries since 1916.",travel,18440
amnesty,AmnestyInternational,We've been fighting the bad guys since 1961 - you can join us! Official Amnesty International USA profile - RTsâ†endorsements.,other,18409
SimonCowell,Simon Cowell,,,18380
Icelandair,Icelandair,"Welcome to the official Twitter of Icelandair. Icelandair is an international airline currently serving 40 gateways in Europe, the USA and Canada.",airline,18238
MClarke23,Michael Clarke,,,18216
YouTubeTrends,YouTube Trends,,other,18208
tonyfernandes,Tony Fernandes,"GCEO of AirAsia, Founder of Tune Group, Chairman of QPR , Chairman of Caterham Group.",person,18194
BrettLee_58,Brett Lee,Former Cricketer now commentator,person,18124
TwitterEng,Twitter Engineering,The official account for Twitter Engineering.,other,18101
LondonCityAir,London City Airport,London City Airport - the true gateway to London,airport,18074
GEAviation,GE Aviation,"GE Aviation provides jet and turboprop engines, integrated systems and services for commercial, military and business & general aviation aircraft.",brand,18061
firefox,Firefox,go forth and internet freely,brand,18056
basuki_btp,Ahok Basuki TPurnama,"SMS pengaduan : 0811944728, 081927666999, 085811291966 (sms ke satu nomer saja sesuai kartu yang dipakai agar lebih murah) sekretariat.gubdki@gmail.com",person,18016
NBCNewsTravel,NBC News Travel,"Getting there is half the fun, so the saying goes. Read about top travel news, issues of the day and the joy and hassle of traveling.",news,18014
the_hindu,The Hindu,News feeds from India's National Newspaper,news,18010
zaynmalik,zayn,"fuck whoever tells you no ! do you, be proud and love lots ! :) https://t.co/Qzd4N5khhM",person,18010
ZacEfron,Zac Efron,,person,17838
latimestravel,L.A. Times Travel,"@LATimes Travel news and more from Chris Reynolds (@mrcsreynolds), Catharine Hamm (@CatHamm), @AHarnagel (Anne Harnagel) and Brady MacDonald @latimesfunland)",news,17791
KrisJenner,Kris Jenner,"MOM, MANAGER, MOMAGER, LOVER OF LIFE, LOVER OF CHRIST",person,17780
radityadika,raditya dika,"Seorang pencerita dalam berbagai macam medium: buku, film, dan digital. CP: 081285000335 (Wira)",,17779
KAYAK,KAYAK,"KAYAK is a travel search engine. For support, visit: http://t.co/dITnoI8o4D (staff available Mon- Fri: 8AM GMT-10PM GMT)",travel,17744
lindsaylohan,Lindsay Lohan,Artist. Instagram: @lindsaylohan https://t.co/FjAZzhd8HY,person,17711
SkyNewsBreak,Sky News Newsdesk,"The latest breaking news, direct from the Sky News team. Tweet @skynews with any questions or queries.",news,17655
our_sg,Our SG,"Our Singapore Spirit is kindling. Let us use it as a torch to illuminate the way forward, whilst we turn the page to a new chapter.",other,17636
amazon,Amazon,Official Twitter of http://t.co/4rwjfdidk3.  Contact @AmazonHelp for customer support.,brand,17626
ParamountPics,Paramount Pictures,Welcome to the Official Twitter Page for Paramount Pictures.,,17619
IPL,IndianPremierLeague,Follow to get exclusive and real-time Indian Premier League news and updates.,sports,17619
harbhajan_singh,Harbhajan Turbanator,"Proud father to a princess, Indian Cricketer. 
Facebook: https://t.co/t7La7Gcge7
Instagram: https://t.co/FfW5XFD3k8",person,17591
SteveMartinToGo,Steve Martin,"My new comedy play, Meteor Shower, is soon to open at the Long Wharf Theatre in Connecticut.",person,17579
MonsterEnergy,Monster Energy,"#UnleashTheBeast https://t.co/qgChRebwPI https://t.co/ul5xeAYPNW 
https://t.co/8TIgfASmRx
https://t.co/onacwQzm8B",,17522
ELLEmagazine,ELLE Magazine (US),ELLE-o. It's me.,channel,17502
SunidhiChauhan5,Sunidhi Chauhan,"Singer, performer",person,17475
mtvasia,MTV Asia,Official MTV Asia Twitter Site,,17452
dhanushkraja,Dhanush,Actor,person,17441
UNESCO,UNESCO,Building peace where it starts - in the minds of men & women. Follow our Director-General @IrinaBokova,other,17437
DaleSteyn62,Dale Steyn,Terrible guitar player...,person,17434
iam_juhi,Juhi Chawla,"Actress, Mother, Entrepreneur, Activist, budding Organic Farmer, Environmentalist, Yoga enthusiast.... aur abhi  picture Baaki Hai ..... ",news,17431
Maserati_HQ,Maserati,"Elegance, style, sportiness and performance with a long and glorious heritage. #Maserati, a tradition of innovation. https://t.co/4y3AGiONQE",brand,17377
MaheshNBhatt,Mahesh Bhatt,"Film Maker, Author, Nomad with no destination. I don't have any thoughts which I can call my own--not one thought, not one word, not one experience.",person,17367
